Workbook

Sheet Sales_Data
A1: Employee ID | B1: Employee Name | C1: Region | D1: Product ID | E1: Units Sold | F1: Sales Amount
A2: E101 | B2: Rahul Mehta | C2: North | D2: P001 | E2: 15 | F2: 45000
A3: E102 | B3: Priya Sharma | C3: South | D3: P002 | E3: 20 | F3: 60000
A4: E103 | B4: Aman Verma | C4: East | D4: P003 | E4: 10 | F4: 35000
A5: E104 | B5: Sneha Patel | C5: West | D5: P004 | E5: 25 | F5: 125000
A6: E105 | B6: Rohan Gupta | C6: North | D6: P005 | E6: 12 | F6: 48000
A7: E106 | B7: Meena Iyer | C7: East | D7: P002 | E7: 18 | F7: 54000
A8: E107 | B8: Deepak Rao | C8: South | D8: P003 | E8: 22 | F8: 77000
A9: E108 | B9: Kavita Das | C9: West | D9: P001 | E9: 30 | F9: 90000
A10: E109 | B10: Ajay Nair | C10: North | D10: P004 | E10: 14 | F10: 70000
A11: E110 | B11: Neha Kulkarni | C11: East | D11: P005 | E11: 8 | F11: 32000
C14: =45000+48000+70000 -> 163000

Sheet Product_Master
A1: Product ID | B1: Product Name | C1: Category | D1: Price per Unit
A2: P001 | B2: Laptop | C2: Electronics | D2: 3000
A3: P002 | B3: Smartphone | C3: Electronics | D3: 3000
A4: P003 | B4: Headphones | C4: Accessories | D4: 3500
A5: P004 | B5: Printer | C5: Office Supplies | D5: 5000
A6: P005 | B6: Monitor | C6: Electronics | D6: 4000
B8: Product ID | C8: Product Name | D8: Price per Unit | E8: total units sold | F8: Total Sales Value | H8: Your manager asks you to prepare a summary report. First, use VLOOKUP to fetch the Product Name and Price per Unit for each sale from the Product_Master sheet. Next, calculate Total Sales Value by multiplying Units Sold by Price per Unit and then use the SUM function to find the total revenue generated.
B9: P001 | C9: =VLOOKUP(A2, $A$2:$D$6, 2, FALSE) -> Laptop | D9: =VLOOKUP(C9,B2:D6,3,FALSE) -> 3000 | E9: =SUMIF(Sales_Data!D1:E11,Product_Master!B9,Sales_Data!E1:E11) -> 45 | F9: =D9*E9 -> 135000
B10: P002 | C10: =VLOOKUP(A3, $A$2:$D$6, 2, FALSE) -> Smartphone | D10: =VLOOKUP(C10,B3:D7,3,FALSE) -> 3000 | E10: =SUMIF(Sales_Data!D2:E12,Product_Master!B10,Sales_Data!E2:E12) -> 38 | F10: =D10*E10 -> 114000
B11: P003 | C11: =VLOOKUP(A4, $A$2:$D$6, 2, FALSE) -> Headphones | D11: =VLOOKUP(C11,B4:D8,3,FALSE) -> 3500 | E11: =SUMIF(Sales_Data!D3:E13,Product_Master!B11,Sales_Data!E3:E13) -> 32 | F11: =D11*E11 -> 112000
B12: P004 | C12: =VLOOKUP(A5, $A$2:$D$6, 2, FALSE) -> Printer | D12: =VLOOKUP(C12,B5:D9,3,FALSE) -> 5000 | E12: =SUMIF(Sales_Data!D4:E14,Product_Master!B12,Sales_Data!E4:E14) -> 39 | F12: =D12*E12 -> 195000
B13: P005 | C13: =VLOOKUP(A6, $A$2:$D$6, 2, FALSE) -> Monitor | D13: =VLOOKUP(C13,B6:D10,3,FALSE) -> 4000 | E13: =SUMIF(Sales_Data!D5:E15,Product_Master!B13,Sales_Data!E5:E15) -> 20 | F13: =D13*E13 -> 80000
E15: total revenue generated: | F15: =SUM(F9:F13) -> 636000

Sheet Monthly Target
A1: Region | B1: North | C1: South | D1: East | E1: West
A2: Target Sales | B2: 150000 | C2: 140000 | D2: 120000 | E2: 160000
H5: In another section of the file, an HLOOKUP table shows monthly Target Sales for each region in a horizontal format. Use HLOOKUP to compare actual regional sales with their targets.
C6: Region | D6: Actual Sales | E6: Target Sales | F6: Difference
C7: North | D7: =SUMIF(Sales_Data!C1:F11,Sales_Data!C2,Sales_Data!F1:F11) -> 163000 | E7: =HLOOKUP(C7,$A$1:$E$2,2,FALSE) -> 150000 | F7: =D7-E7 -> 13000
C8: South | D8: =SUMIF(Sales_Data!C2:F12,Sales_Data!C3,Sales_Data!F2:F12) -> 137000 | E8: =HLOOKUP(C8,$A$1:$E$2,2,FALSE) -> 140000 | F8: =D8-E8 -> -3000
C9: East | D9: =SUMIF(Sales_Data!C3:F13,Sales_Data!C4,Sales_Data!F3:F13) -> 121000 | E9: =HLOOKUP(C9,$A$1:$E$2,2,FALSE) -> 120000 | F9: =D9-E9 -> 1000
C10: West | D10: =SUMIF(Sales_Data!C4:F14,Sales_Data!C5,Sales_Data!F4:F14) -> 215000 | E10: =HLOOKUP(C10,$A$1:$E$2,2,FALSE) -> 160000 | F10: =D10-E10 -> 55000
